{
    "influencesPerVertex":2,
    "skinWeights":[1,0,1,0,1,0,1,0,1,0,1,0,1,0,1,0,1,0,1,0,1,0,1,0,1,0,1,0,1,0,1,0,1,0,1,0,1,0,1,0,1,0,1,0,1,0,1,0,1,0,1,0,1,0,1,0,1,0,1,0,1,0,1,0,1,0,1,0,1,0,1,0,1,0,1,0,1,0,1,0,1,0,1,0,1,0,1,0,1,0,1,0,1,0,1,0,1,0,1,0,1,0,1,0,1,0,1,0,1,0,1,0,1,0,1,0,1,0,1,0,1,0,1,0,1,0,1,0,1,0,1,0,1,0,1,0,1,0,1,0,1,0,1,0,1,0,1,0,1,0,1,0,1,0,1,0,1,0,1,0,1,0,1,0,1,0,1,0,1,0,1,0,1,0,1,0,1,0,1,0,1,0,1,0,1,0,1,0,1,0,1,0,1,0,1,0,1,0,1,0,1,0,1,0,1,0,1,0,1,0,1,0,1,0,1,0,1,0,1,0,1,0,1,0,1,0,1,0,1,0,1,0,1,0,1,0,1,0,1,0,1,0,1,0,1,0,1,0,1,0,1,0,1,0,1,0,1,0,1,0,1,0,1,0,1,0,1,0,1,0,1,0,1,0,1,0,1,0,1,0,1,0,1,0,1,0,1,0,1,0,1,0,1,0,1,0,1,0,1,0,1,0,1,0,1,0,1,0,1,0,1,0,1,0,1,0,1,0,1,0,1,0,1,0,1,0,1,0,1,0,1,0,1,0,1,0,1,0,1,0,1,0,1,0,1,0,1,0,1,0,1,0,1,0,1,0,1,0,1,0,1,0,1,0,1,0,1,0,1,0,1,0,1,0,1,0,1,0,1,0,1,0,1,0,1,0,1,0,1,0,1,0,1,0,1,0,1,0,1,0,1,0,1,0,1,0,1,0],
    "skinIndices":[0,0,0,0,0,0,0,0,0,0,0,0,0,0,0,0,0,0,0,0,0,0,0,0,0,0,0,0,0,0,0,0,0,0,0,0,0,0,0,0,0,0,0,0,0,0,0,0,0,0,0,0,0,0,0,0,0,0,0,0,0,0,0,0,0,0,0,0,0,0,0,0,0,0,0,0,0,0,0,0,0,0,0,0,0,0,0,0,0,0,0,0,0,0,0,0,0,0,0,0,0,0,0,0,0,0,0,0,0,0,0,0,0,0,0,0,0,0,0,0,0,0,0,0,0,0,0,0,0,0,0,0,0,0,0,0,0,0,0,0,0,0,0,0,0,0,0,0,0,0,0,0,0,0,0,0,0,0,0,0,0,0,0,0,0,0,0,0,0,0,0,0,0,0,0,0,0,0,0,0,0,0,0,0,0,0,0,0,0,0,0,0,0,0,0,0,0,0,0,0,0,0,0,0,0,0,0,0,0,0,0,0,0,0,0,0,0,0,0,0,0,0,0,0,0,0,0,0,0,0,0,0,0,0,0,0,0,0,0,0,0,0,0,0,0,0,0,0,0,0,0,0,0,0,0,0,0,0,0,0,0,0,0,0,0,0,0,0,0,0,0,0,0,0,0,0,0,0,0,0,0,0,0,0,0,0,0,0,0,0,0,0,0,0,0,0,0,0,0,0,0,0,0,0,0,0,0,0,0,0,0,0,0,0,0,0,0,0,0,0,0,0,0,0,0,0,0,0,0,0,0,0,0,0,0,0,0,0,0,0,0,0,0,0,0,0,0,0,0,0,0,0,0,0,0,0,0,0,0,0,0,0,0,0,0,0,0,0,0,0,0,0,0,0,0,0,0,0,0,0,0,0,0,0,0,0,0,0,0,0,0,0,0,0,0,0,0,0,0,0,0,0,0,0,0,0,0,0],
    "name":"Cone.001Geometry.5",
    "bones":[{
        "parent":-1,
        "rotq":[0.707107,0,-0,0.707107],
        "pos":[0,0,-0],
        "scl":[1,1,1],
        "name":"Bone"
    }],
    "normals":[0.696311,-0.696311,-0.174078,0.696311,0.696311,-0.174078,0,0,-1,-0.696311,-0.696311,-0.174078,-0.696311,0.696311,-0.174078,0,0,1,0.696311,-0.696311,-0.174078,0.696311,0.696311,-0.174078,-0.696311,-0.696311,-0.174078,-0.696311,0.696311,-0.174078,-0.696311,-0.696311,0.174078,0,0,1,0.696311,0.696311,0.174078,0.696311,-0.696311,0.174078,-0.696311,0.696311,0.174078,0.696311,-0.696311,-0.174078,0.696311,0.696311,-0.174078,-0.696311,-0.696311,-0.174078,-0.696311,0.696311,-0.174078,-0.696311,-0.696311,0.174078,0.696311,0.696311,0.174078,0.696311,-0.696311,0.174078,-0.696311,0.696311,0.174078,0.696311,-0.696311,-0.174078,0.696311,0.696311,-0.174078,-0.696311,-0.696311,-0.174078,-0.696311,0.696311,-0.174078,-0.696311,-0.696311,0.174078,0.696311,0.696311,0.174078,0.696311,-0.696311,0.174078,-0.696311,0.696311,0.174078,0.696311,0.696311,-0.174078,-0.696311,-0.696311,0.174078,0.696311,-0.696311,-0.174078,0.696311,0.696311,-0.174078,-0.696311,-0.696311,-0.174078,-0.696311,0.696311,-0.174078,-0.696311,-0.696311,0.174078,0.696311,0.696311,0.174078,-0.696311,0.696311,0.174078,-0.696311,-0.696311,0.174078,0.696311,0.696311,-0.174078,-0.696311,-0.696311,-0.174078,-0.696311,-0.696311,0.174078,0.696311,0.696311,0.174078,0.696311,-0.696311,-0.174078,0.696311,0.696311,-0.174078,-0.696311,-0.696311,-0.174078,0.696311,0.696311,0.174078,0,-0,-1,0.696311,-0.696311,-0.174078,0.696311,0.696311,-0.174078,-0,0,-1,-0.696311,0.696311,-0.174078,0,0,1,0,0,1,-0.696311,0.696311,-0.174078,-0.696311,-0.696311,0.174078,0,-0,1,0.696311,0.696311,0.174078,0.696311,-0.696311,0.174078,-0.696311,0.696311,0.174078,0.696311,-0.696311,-0.174078,-0.696311,-0.696311,-0.174078,-0.696311,0.696311,-0.174078,0.696311,0.696311,0.174078,0.696311,-0.696311,0.174078,-0.696311,0.696311,0.174078,-0.696311,0.696311,-0.174078,0.696311,0.696311,0.174078,0.696311,-0.696311,0.174078,-0.696311,0.696311,0.174078,-0.696311,-0.696311,0.174078,-0.696311,-0.696311,-0.174078,-0.696311,0.696311,-0.174078,0.696311,0.696311,0.174078,0.696311,-0.696311,0.174078,0.696311,-0.696311,-0.174077,-0.696311,0.696311,-0.174078,0.696311,0.696311,0.174078,-0.696311,0.696311,0.174078,-0.696311,0.696311,-0.174078],
    "vertices":[0,-0,-0.45,0,0.9,-0.225,0.45,0,0,0.225,0.9,-0,-0,0,0.45,-0,0.9,0.225,-0.45,-0,-0,-0.225,0.9,-0,0,-0,-0.225,0.225,0,0,-0,0,0.225,-0.225,-0,-0,0,1.8,-0.45,0,2.7,-0.225,0.45,1.8,-0,0.225,2.7,-0,-0,1.8,0.45,-0,2.7,0.225,-0.45,1.8,-0,-0.225,2.7,-0,0,0.9,-0.225,0.225,0.9,-0,-0,0.9,0.225,-0.225,0.9,-0,0,3.6,-0.45,0,4.5,-0.225,0.45,3.6,-0,0.225,4.5,-0,-0,3.6,0.45,-0,4.5,0.225,-0.45,3.6,-0,-0.225,4.5,-0,0,2.7,-0.225,0.225,2.7,-0,-0,2.7,0.225,-0.225,2.7,-0,0,5.4,-0.45,0,6.3,-0.225,0.45,5.4,-0,0.225,6.3,-0,-0,5.4,0.45,-0,6.3,0.225,-0.45,5.4,-0,-0.225,6.3,-0,0,4.5,-0.225,0.225,4.5,-0,-0,4.5,0.225,-0.225,4.5,-0,0,7.2,-0.45,0,8.1,-0.225,0.45,7.2,-0,0.225,8.1,-0,-0,7.2,0.45,-0,8.1,0.225,-0.45,7.2,-0,-0.225,8.1,-0,0,6.3,-0.225,0.225,6.3,-0,-0,6.3,0.225,-0.225,6.3,-0,0,9,-0.45,0,9.9,-0.225,0.45,9,-0,0.225,9.9,-0,-0,9,0.45,-0,9.9,0.225,-0.45,9,-0,-0.225,9.9,-0,0,8.1,-0.225,0.225,8.1,-0,-0,8.1,0.225,-0.225,8.1,-0,0,10.8,-0.45,0,11.7,-0.225001,0.45,10.8,-0,0.225,11.7,-1e-06,-0,10.8,0.45,-0,11.7,0.224999,-0.45,10.8,-0,-0.225,11.7,-1e-06,0,9.9,-0.225,0.225,9.9,-0,-0,9.9,0.225,-0.225,9.9,-0,0,12.6,-0.450001,0,13.5,-0.225001,0.45,12.6,-1e-06,0.225,13.5,-1e-06,-0,12.6,0.449999,-0,13.5,0.224999,-0.45,12.6,-1e-06,-0.225,13.5,-1e-06,0,11.7,-0.225001,0.225,11.7,-0,-0,11.7,0.224999,-0.225,11.7,-1e-06,0,14.4,-0.450001,0,15.3,-0.225001,0.45,14.4,-1e-06,0.225,15.3,-1e-06,-0,14.4,0.449999,-0,15.3,0.224999,-0.45,14.4,-1e-06,-0.225,15.3,-1e-06,0,13.5,-0.225001,0.225,13.5,-1e-06,-0,13.5,0.224999,-0.225,13.5,-1e-06,0,16.2,-0.450001,0,17.1,-0.225001,0.45,16.2,-1e-06,0.225,17.1,-1e-06,-0,16.2,0.449999,-0,17.1,0.224999,-0.45,16.2,-1e-06,-0.225,17.1,-1e-06,0,15.3,-0.225001,0.225,15.3,-1e-06,-0,15.3,0.224999,-0.225,15.3,-1e-06,0,18,-0.450001,0,18.9,-0.225001,0.45,18,-1e-06,0.225,18.9,-1e-06,-0,18,0.449999,-0,18.9,0.224999,-0.45,18,-1e-06,-0.225,18.9,-1e-06,0,17.1,-0.225001,0.225,17.1,-1e-06,-0,17.1,0.224999,-0.225,17.1,-1e-06,0,19.8,-0.450001,0,20.7,-0.225001,0.45,19.8,-1e-06,0.225,20.7,-1e-06,-0,19.8,0.449999,-0,20.7,0.224999,-0.45,19.8,-1e-06,-0.225,20.7,-1e-06,0,18.9,-0.225001,0.225,18.9,-1e-06,-0,18.9,0.224999,-0.225,18.9,-1e-06,0,21.6,-0.450001,0,22.5,-0.225001,0.45,21.6,-1e-06,0.225,22.5,-1e-06,-0,21.6,0.449999,-0,22.5,0.224999,-0.45,21.6,-1e-06,-0.225,22.5,-1e-06,0,20.7,-0.225001,0.225,20.7,-1e-06,-0,20.7,0.224999,-0.225,20.7,-1e-06,0,23.4,-0.450001,0,24.3,-0.225001,0.45,23.4,-1e-06,0.225,24.3,-1e-06,-0,23.4,0.449999,-0,24.3,0.224999,-0.45,23.4,-1e-06,-0.225,24.3,-1e-06,0,22.5,-0.225001,0.225,22.5,-1e-06,-0,22.5,0.224999,-0.225,22.5,-1e-06,0,25.2,-0.450001,0,26.1,-0.225001,0.45,25.2,-1e-06,0.225,26.1,-1e-06,-0,25.2,0.449999,-0,26.1,0.224999,-0.45,25.2,-1e-06,-0.225,26.1,-1e-06,0,24.3,-0.225001,0.225,24.3,-1e-06,-0,24.3,0.224999,-0.225,24.3,-1e-06,0,27,-0.450001,0,27.9,-0.225001,0.45,27,-1e-06,0.225,27.9,-1e-06,-0,27,0.449999,-0,27.9,0.224999,-0.45,27,-1e-06,-0.225,27.9,-1e-06,0,26.1,-0.225001,0.225,26.1,-1e-06,-0,26.1,0.224999,-0.225,26.1,-1e-06,0,28.8,-0.450001,0,28.8,-0.225001,0.45,28.8,-1e-06,0.225,28.8,-1e-06,-0,28.8,0.449999,-0,28.8,0.224999,-0.45,28.8,-1e-06,-0.225,28.8,-1e-06,0,27.9,-0.225001,0.225,27.9,-1e-06,-0,27.9,0.224999,-0.225,27.9,-1e-06],
    "colors":[],
    "uvs":[[0.75,0.02581,0.875,0,1,0.400056,0.375,0.851732,0.25,0.825922,0.25,0.400056,0.5,0.851732,0.626938,0.851732,0.626938,1,0.125,0.851732,0,0.825922,0,0.400056,0.625,0.851732,0.5,0.825922,0.5,0.400056,0.125,0,0.25,0.02581,0,0.851732,0.126938,0.851732,0.126938,1,0.375,0,0.5,0.02581,1,0.825922,0.875,0.851732,0.625,0,0.75,0.02581,0.75,0.451676,0.5,0.451676,0.5,1,0.25,0.451676,0.75,0.451676,0,1]],
    "materials":[{
        "vertexColors":false,
        "opacity":1,
        "mapDiffuseAnisotropy":1,
        "colorDiffuse":[0.8,0.8,0.8],
        "transparent":false,
        "mapDiffuseWrap":["RepeatWrapping","RepeatWrapping"],
        "depthWrite":true,
        "DbgName":"Material.001",