{
    "materials": [{
        "DbgName": "Material.001",
        "blending": "NormalBlending",
        "visible": true,
        "colorEmissive": [0,0,0],
        "depthTest": true,
        "depthWrite": true,
        "vertexColors": false,
        "opacity": 1,
        "wireframe": false,
        "shading": "phong",
        "transparent": false,
        "colorAmbient": [0.64,0.64,0.64],
        "mapDiffuseAnisotropy": 1,
        "colorSpecular": [0.2,0.2,0.2],
        "mapDiffuseRepeat": [1,1],
        "specularCoef": 20,
        "mapDiffuse": "sword.png",
        "DbgColor": 15658734,
        "mapDiffuseWrap": ["RepeatWrapping","RepeatWrapping"],
        "DbgIndex": 0,
        "colorDiffuse": [0.64,0.64,0.64]
    }],
    "name": "SphereGeometry.1",
    "skinWeights": [1,0,1,0,1,0,1,0,1,0,1,0,1,0,1,0,1,0,1,0,1,0,1,0,1,0,1,0,1,0,1,0,1,0,1,0,1,0,1,0,1,0,1,0,1,0,1,0,1,0,1,0,1,0,1,0],
    "bones": [{
        "name": "Bone",
        "rotq": [0.707107,0,-0,0.707107],
        "parent": -1,
        "pos": [0,0,-0],
        "scl": [1,1,1]
    }],
    "skinIndices": [0,0,0,0,0,0,0,0,0,0,0,0,0,0,0,0,0,0,0,0,0,0,0,0,0,0,0,0,0,0,0,0,0,0,0,0,0,0,0,0,0,0,0,0,0,0,0,0,0,0,0,0,0,0,0,0],
    "normals": [-0.745598,0,-0.666372,-0.999908,0,-0.011048,0,0.999908,-0.011048,0,0.745598,-0.666372,0.999908,0,-0.011048,0.745598,0,-0.666372,0,-0.999908,-0.011048,0,-0.745598,-0.666372,0,0,-1,-0.970183,0,0.242256,0,-0.970183,0.242256,0,0.970183,0.242256,0.970183,0,0.242256,0,-0.545915,-0.837825,-0.873989,0,-0.485916,0,0.545915,-0.837825,0.873989,0,-0.485916,-0.009705,0.984558,0.174718,-0.680624,0,0.732627,-0.998383,0,0.056581,-0.990417,0,0.137883,0.703513,0,0.710654,0.997253,0,0.073763,-0.006836,-0.829371,-0.558641,-0.998108,0,-0.061281,-0.006836,0.829371,-0.558641,-0.009705,-0.984558,0.174718,0.999329,0,-0.036012],
    "animations": [{
        "fps": 24,
        "name": "ArmatureAction",
        "hierarchy": [{
            "keys": [{
                "rot": [0.707107,0,-0,0.707107],
                "scl": [1,1,1],
                "pos": [0,0,-0],
                "time": 0
            },{
                "rot": [0.707107,0,-0,0.707107],
                "scl": [1,1,1],
                "pos": [0,0,-0],
                "time": 0.041667
            },{
                "rot": [0.707107,0,-0,0.707107],
                "scl": [1,1,1],
                "pos": [0,0,-0],
                "time": 0.083333
            },{
                "rot": [0.707107,0,-0,0.707107],
                "scl": [1,1,1],
                "pos": [0,0,-0],
                "time": 0.125
            },{
                "rot": [0.707107,0,-0,0.707107],
                "scl": [1,1,1],
                "pos": [0,0,-0],
                "time": 0.166667
            },{
                "rot": [0.707107,0,-0,0.707107],
                "scl": [1,1,1],
                "pos": [0,0,-0],
                "time": 0.208333
            },{
                "rot": [0.707107,0,-0,0.707107],
                "scl": [1,1,1],
                "pos": [0,0,-0],
                "time": 0.25
            },{
                "rot": [0.707107,0,-0,0.707107],
                "scl": [1,1,1],
                "pos": [0,0,-0],
                "time": 0.291667
            },{
                "rot": [0.707107,0,-0,0.707107],
                "scl": [1,1,1],
                "pos": [0,0,-0],
                "time": 0.333333
            },{
                "rot": [0.707107,0,-0,0.707107],
                "scl": [1,1,1],
                "pos": [0,0,-0],
                "time": 0.375
            },{
                "rot": [0.707107,0,-0,0.707107],
                "scl": [1,1,1],
                "pos": [0,0,-0],
                "time": 0.416667
            },{
                "rot": [0.707107,0,-0,0.707107],
                "scl": [1,1,1],
                "pos": [0,0,-0],
                "time": 0.458333
            },{
                "rot": [0.707107,0,-0,0.707107],
                "scl": [1,1,1],
                "pos": [0,0,-0],
                "time": 0.5
            },{
                "rot": [0.707107,0,-0,0.707107],
                "scl": [1,1,1],
                "pos": [0,0,-0],
                "time": 0.541667
            },{
                "rot": [0.707107,0,-0,0.707107],
                "scl": [1,1,1],
                "pos": [0,0,-0],
                "time": 0.583333
            },{
                "rot": [0.707107,0,-0,0.707107],
                "scl": [1,1,1],
                "pos": [0,0,-0],
                "time": 0.625
            },{
                "rot": [0.707107,0,-0,0.707107],
                "scl": [1,1,1],
                "pos": [0,0,-0],
                "time": 0.666667
            },{
                "rot": [0.707107,0,-0,0.707107],
                "scl": [1,1,1],
                "pos": [0,0,-0],
                "time": 0.708333
            },{
                "rot": [0.707107,0,-0,0.707107],
                "scl": [1,1,1],
                "pos": [0,0,-0],
                "time": 0.75
            },{
                "rot": [0.707107,0,-0,0.707107],
                "scl": [1,1,1],
                "pos": [0,0,-0],
                "time": 0.791667
            },{
                "rot": [0.707107,0,-0,0.707107],
                "scl": [1,1,1],
                "pos": [0,0,-0],
                "time": 0.833333
            },{
                "rot": [0.707107,0,-0,0.707107],
                "scl": [1,1,1],
                "pos": [0,0,-0],
                "time": 0.875
            },{
                "rot": [0.707107,0,-0,0.707107],
                "scl": [1,1,1],
                "pos": [0,0,-0],
                "time": 0.916667
            },{
                "rot": [0.707107,0,-0,0.707107],
                "scl": [1,1,1],
                "pos": [0,0,-0],
                "time": 0.958333
            }],
            "parent": -1
        }],
        "length": 0.958333
    }],
    "metadata": {
        "version": 3,
        "bones": 1,
        "type": "Geometry",
        "normals": 28,
        "materials": 1,
        "faces": 32,
        "vertices": 28,
        "colors": 0,
        "generator": "io_three",
        "uvs": 1
    },
    "faces": [43,1,0,3,4,0,0,1,2,3,0,1,2,3,43,4,3,5,6,0,4,5,6,7,3,2,4,5,43,6,5,7,8,0,8,9,10,11,5,4,6,7,42,2,1,4,0,12,0,3,8,0,3,42,2,4,6,0,12,3,13,8,3,5,42,2,6,8,0,14,8,11,8,5,7,43,0,1,8,7,0,17,18,15,16,1,0,7,6,42,2,8,1,0,12,19,0,8,7,0,43,12,0,7,11,0,21,17,16,20,9,1,6,10,43,0,12,9,3,0,22,23,24,25,1,9,11,2,43,5,10,11,7,0,9,26,27,10,4,12,10,6,43,3,9,10,5,0,5,28,29,6,2,11,12,4,43,11,15,16,12,0,30,31,32,33,10,13,14,9,43,12,16,13,9,0,34,35,36,37,9,14,15,11,43,10,14,15,11,0,38,39,40,41,12,16,13,10,43,9,13,14,10,0,42,43,35,44,11,15,16,12,43,24,27,21,22,0,45,46,47,48,17,18,19,20,43,25,24,22,23,0,49,45,48,50,21,17,20,22,42,16,15,19,0,56,51,52,14,13,23,42,20,17,13,0,53,54,55,24,25,15,42,16,19,20,0,56,52,53,14,23,24,42,20,13,16,0,53,55,56,24,15,14,43,27,26,22,21,0,57,58,59,60,18,26,20,19,43,26,25,23,22,0,58,61,62,59,26,21,22,20,42,18,19,15,0,63,52,51,27,23,13,42,13,17,18,0,55,54,63,15,25,27,42,18,15,14,0,63,51,64,27,13,16,42,18,14,13,0,63,64,55,27,16,15,43,17,24,25,18,0,65,66,67,68,25,17,21,27,43,18,25,26,19,0,69,70,71,72,27,21,26,23,43,20,27,24,17,0,73,74,66,65,24,18,17,25,43,19,26,27,20,0,72,71,75,76,23,26,18,24],
    "vertices": [-0.522056,-1e-06,-9.46049,-0.322649,-1e-06,-9.83038,0,-1e-06,-9.97166,0,0.522056,-9.46049,0,0.322648,-9.83038,0.522057,-1e-06,-9.46049,0.322649,-1e-06,-9.83038,0,-0.522057,-9.46049,0,-0.322649,-9.83038,0,0.283996,-8.98961,0.283997,-1e-06,-8.98961,0,-0.283997,-8.98961,-0.283996,-1e-06,-8.98961,0,0.338479,-7.49217,0.33848,-1e-06,-7.49217,0,-0.33848,-7.49217,-0.33848,-1e-06,-7.49217,0,0.425148,-7.18165,1.66643,-0,-7.18165,-0,-0.425149,-7.18165,-1.66643,-0,-7.18165,-0.723942,0,5.00931,0,0,6.20931,0.944653,-0,2.41369,0,0.197541,-6.5593,0.944653,-0,-6.5593,-0,-0.197542,-6.5593,-0.723942,-0,-6.5593],
    "colors": [],
    "influencesPerVertex": 2,