{
    "name": "PlaneGeometry.1",
    "normals": [0.231666,-0.782617,-0.577746,-0.260903,0.657186,-0.707083,-0.206122,0.696402,-0.687368,-0.841762,0.007874,-0.53975,0.156804,-0.52974,-0.833522,0.163915,0.105106,-0.980834,-0.310434,-0.001679,-0.95056,0.444014,0.677328,-0.586535,0.77221,-0.082766,-0.629933,0.503281,-0.496658,-0.707083,-0.210211,0.710196,-0.671865,0.226173,-0.764061,-0.604175,0.77221,-0.082766,0.629933,0.231666,-0.782617,0.577746,0.184912,0.118564,-0.975555,-0.60271,-0.489792,-0.629933,-0.741172,0.326487,-0.586535,-0.284799,-0.001526,-0.958556,0.701834,0.464827,-0.53975,-0.210211,0.710196,0.671865,0.444014,0.677328,0.586535,-0.60271,-0.489792,0.629933,0.503281,-0.496658,0.707083,0.156804,-0.52974,0.833522,0.226173,-0.764061,0.604175,-0.310434,-0.001679,0.95056,0.163915,0.105106,0.980834,-0.206122,0.696402,0.687368,-0.260903,0.657186,0.707083,-0.841762,0.007874,0.53975,-0.741172,0.326487,0.586535,0.701834,0.464827,0.53975,-0.284799,-0.001526,0.958556,0.184912,0.118564,0.975555,0.717856,0.374981,-0.586535,-0.341624,0.240822,-0.908444,-0.179235,-0.796564,-0.577349,0.258889,0.044801,-0.964843,-0.155217,-0.68984,-0.707083,0.162603,0.722587,-0.671865,-0.824915,-0.142735,-0.546892,-0.179174,-0.796289,-0.577746,-0.378002,0.597552,-0.707083,0.6339,-0.448683,-0.629933,0.6339,-0.448683,0.629933,-0.179174,-0.796289,0.577746,0.267708,0.046327,-0.962371,-0.765007,-0.133854,-0.629933,-0.488021,0.646352,-0.586535,-0.341105,0.240455,-0.908719,0.179235,0.796564,-0.577349,0.684225,-0.482345,-0.546892,0.162603,0.722587,0.671865,0.717856,0.374981,0.586535,-0.765007,-0.133854,0.629933,-0.824915,-0.142735,0.546892,-0.378002,0.597552,0.707083,0.258889,0.044801,0.964843,-0.155217,-0.68984,0.707083,-0.341624,0.240822,0.908444,-0.179235,-0.796564,0.577349,-0.488021,0.646352,0.586535,-0.341105,0.240455,0.908719,0.179235,0.796564,0.577349,0.684225,-0.482345,0.546892,0.267708,0.046327,0.962371],
    "vertices": [-0.643501,-0.337396,-0.29433,-0.636798,-0.334735,-0.29433,-0.006983,-0.208595,-0.294331,-0.720583,-0.051698,-0.294331,-0.681719,0.561202,-0.294331,-0.068316,0.742782,-0.294331,-0.279537,1.62036,-0.294331,0.191198,0.030147,-0.294331,-0.421439,-1.08756,-0.29433,-0.726345,-0.057537,-0.294331,-1.18987,1.50832,-0.294331,-0.432537,0.846305,-0.294331,0.191198,0.030147,0.003416,-0.421439,-1.08756,0.003417,-1.69289,0.261875,-0.294331,-1.54377,-0.483439,-0.29433,-2.01451,1.10678,-0.294331,-1.07949,0.443455,-0.294331,-1.44371,0.546977,-0.294331,-1.23379,-0.571755,-0.29433,-1.18987,1.50832,0.003416,-0.279537,1.62036,0.003416,-1.54377,-0.483439,0.003417,-0.726345,-0.057537,0.003417,-0.720583,-0.051698,0.003417,-0.681719,0.561202,0.003416,-0.432537,0.846305,0.003416,-0.068316,0.742782,0.003416,-0.643501,-0.337396,0.003417,-0.006983,-0.208595,0.003417,-0.636798,-0.334735,0.003417,-2.01451,1.10678,0.003416,-1.23379,-0.571755,0.003417,-1.07949,0.443455,0.003416,-1.69289,0.261875,0.003416,-1.44371,0.546977,0.003416,1.89836,0.758735,0.072761,1.63105,1.18128,0.072761,1.2085,0.913975,0.072761,0.903414,0.306352,0.072761,1.30365,2.08492,0.072761,2.24262,1.70258,0.072761,1.53601,0.163997,0.072761,1.84017,-0.085826,0.072761,0.646687,-0.834492,0.072761,0.761059,-0.326245,0.072761,1.84017,-0.085826,0.401875,0.646687,-0.834492,0.401875,0.209249,1.13884,0.072761,-0.111038,0.353258,0.072761,0.291413,2.14167,0.072761,0.899105,0.983599,0.072761,0.631797,1.40615,0.072761,0.1563,0.474477,0.072761,0.690916,-0.370618,0.072761,1.30365,2.08492,0.401874,2.24262,1.70258,0.401874,-0.111038,0.353259,0.401875,1.53601,0.163997,0.401875,0.761059,-0.326245,0.401875,1.89836,0.758735,0.401875,1.2085,0.913975,0.401875,0.903414,0.306352,0.401875,1.63105,1.18128,0.401875,0.291413,2.14167,0.401874,0.1563,0.474477,0.401875,0.899105,0.9836,0.401875,0.209249,1.13884,0.401875,0.690916,-0.370618,0.401875,0.631797,1.40615,0.401875],
    "metadata": {
        "type": "Geometry",
        "normals": 66,
        "vertices": 70,
        "version": 3,
        "faces": 129,
        "generator": "io_three",
        "materials": 1,
        "colors": 0,
        "uvs": 1,
        "bones": 1
    },
    "influencesPerVertex": 2,
    "skinWeights": [1,0,1,0,1,0,1,0,1,0,1,0,1,0,1,0,1,0,1,0,1,0,1,0,1,0,1,0,1,0,1,0,1,0,1,0,1,0,1,0,1,0,1,0,1,0,1,0,1,0,1,0,1,0,1,0,1,0,1,0,1,0,1,0,1,0,1,0,1,0,1,0,1,0,1,0,1,0,1,0,1,0,1,0,1,0,1,0,1,0,1,0,1,0,1,0,1,0,1,0,1,0,1,0,1,0,1,0,1,0,1,0,1,0,1,0,1,0,1,0,1,0,1,0,1,0,1,0,1,0,1,0,1,0,1,0,1,0,1,0],
    "skinIndices": [0,0,0,0,0,0,0,0,0,0,0,0,0,0,0,0,0,0,0,0,0,0,0,0,0,0,0,0,0,0,0,0,0,0,0,0,0,0,0,0,0,0,0,0,0,0,0,0,0,0,0,0,0,0,0,0,0,0,0,0,0,0,0,0,0,0,0,0,0,0,0,0,0,0,0,0,0,0,0,0,0,0,0,0,0,0,0,0,0,0,0,0,0,0,0,0,0,0,0,0,0,0,0,0,0,0,0,0,0,0,0,0,0,0,0,0,0,0,0,0,0,0,0,0,0,0,0,0,0,0,0,0,0,0,0,0,0,0,0,0],